Folder,UPF_File
./Alslab/Al_pvdf/Relax,Al.pbe-n-kjpaw_psl.1.0.0.UPF
./Alslab/Al_pvdf/Relax,C.pbe-n-kjpaw_psl.1.0.0.UPF
./Alslab/Al_pvdf/Relax,H.pbe-rrkjus_psl.1.0.0.UPF
./Alslab/Al_pvdf/Relax,f_pbe_v1.4.uspp.F.UPF
./Alslab/Al_pvdf/SCF,C.pbe-n-kjpaw_psl.1.0.0.UPF
./Alslab/Al_pvdf/SCF,H.pbe-rrkjus_psl.1.0.0.UPF
./Alslab/Al_pvdf/SCF,f_pbe_v1.4.uspp.F.UPF
./Alslab/Al_relax,Al.pbe-n-kjpaw_psl.1.0.0.UPF
./CuO_pvdf/pseudo,C.pbe-n-kjpaw_psl.1.0.0.UPF
./CuO_pvdf/pseudo,Cu.paw.z_11.ld1.psl.v1.0.0-low.upf
./CuO_pvdf/pseudo,H.pbe-rrkjus_psl.1.0.0.UPF
./CuO_pvdf/pseudo,O.pbe-n-kjpaw_psl.0.1.UPF
./CuO_pvdf/pseudo,f_pbe_v1.4.uspp.F.UPF
./LiMnO2/Relax/pseudo,O.pbe-n-kjpaw_psl.0.1.UPF
./LiMnO2/Relax/pseudo,li_pbe_v1.4.uspp.F.UPF
./LiMnO2/Relax/pseudo,mn_pbe_v1.5.uspp.F.UPF
./LiMnO2/SuperLi2/pseudo,O.pbe-n-kjpaw_psl.0.1.UPF
./LiMnO2/SuperLi2/pseudo,li_pbe_v1.4.uspp.F.UPF
./LiMnO2/SuperLi2/pseudo,mn_pbe_v1.5.uspp.F.UPF
./LiMnO2/SuperLi/pseudo,O.pbe-n-kjpaw_psl.0.1.UPF
./LiMnO2/SuperLi/pseudo,li_pbe_v1.4.uspp.F.UPF
./LiMnO2/SuperLi/pseudo,mn_pbe_v1.5.uspp.F.UPF
./LiMnO2/Super/pseudo,O.pbe-n-kjpaw_psl.0.1.UPF
./LiMnO2/Super/pseudo,li_pbe_v1.4.uspp.F.UPF
./LiMnO2/Super/pseudo,mn_pbe_v1.5.uspp.F.UPF
./LiMnO2/Li/pseudo,O.pbe-n-kjpaw_psl.0.1.UPF
./LiMnO2/Li/pseudo,li_pbe_v1.4.uspp.F.UPF
./LiMnO2/Li/pseudo,mn_pbe_v1.5.uspp.F.UPF
./LiCoO2/LiCoO2_scf/pseudo,Co.upf
./LiCoO2/LiCoO2_scf/pseudo,Co_pbe_v1.2.uspp.F.UPF
./LiCoO2/LiCoO2_scf/pseudo,Li.upf
./LiCoO2/LiCoO2_scf/pseudo,O.pbe-n-kjpaw_psl.0.1.UPF
./LiCoO2/LiCoO2_scf/pseudo,O.upf
./LiCoO2/LiCoO2_scf/pseudo,li_pbe_v1.4.uspp.F.UPF
./LiCoO2/pseudo,Co_pbe_v1.2.uspp.F.UPF
./LiCoO2/pseudo,O.pbe-n-kjpaw_psl.0.1.UPF
./LiCoO2/pseudo,li_pbe_v1.4.uspp.F.UPF
./CuO,Cu.paw.z_11.ld1.psl.v1.0.0-low.upf
./CuO,O.pbe-n-kjpaw_psl.0.1.UPF
./AlF3/pseudo,Al.pbe-n-kjpaw_psl.1.0.0.UPF
./AlF3/pseudo,Al.upf
./AlF3/pseudo,F.upf
./AlF3/pseudo,Fe.pbe-spn-kjpaw_psl.0.2.1.UPF
./AlF3/pseudo,f_pbe_v1.4.uspp.F.UPF
./Li_pvdf/pseudo,C.upf
./Li_pvdf/pseudo,F.upf
./Li_pvdf/pseudo,H.upf
./Li_pvdf/pseudo,Li.upf
./PVDF_QErepo,C.pbe-n-kjpaw_psl.1.0.0.UPF
./PVDF_QErepo,H.pbe-rrkjus_psl.1.0.0.UPF
./PVDF_QErepo,f_pbe_v1.4.uspp.F.UPF
./Al2O3_pvdf,Al.pbe-n-kjpaw_psl.1.0.0.UPF
./Al2O3_pvdf,C.pbe-n-kjpaw_psl.1.0.0.UPF
./Al2O3_pvdf,H.pbe-rrkjus_psl.1.0.0.UPF
./Al2O3_pvdf,O.pbe-n-kjpaw_psl.0.1.UPF
./Al2O3_pvdf,f_pbe_v1.4.uspp.F.UPF
./LiFpvdf/pseudo,C.upf
./LiFpvdf/pseudo,F.upf
./LiFpvdf/pseudo,H.upf
./LiFpvdf/pseudo,Li.upf
./LiF/pseudo,F.upf
./LiF/pseudo,Li.upf
./Al2O3/Relax,Al.pbe-n-kjpaw_psl.1.0.0.UPF
./Al2O3/Relax,O.pbe-n-kjpaw_psl.0.1.UPF
./Al2O3/Scf,Al.pbe-n-kjpaw_psl.1.0.0.UPF
./Al2O3/Scf,O.pbe-n-kjpaw_psl.0.1.UPF
./LiCoO2_pvdf/pseudo,C.upf
./LiCoO2_pvdf/pseudo,Co.upf
./LiCoO2_pvdf/pseudo,F.upf
./LiCoO2_pvdf/pseudo,H.upf
./LiCoO2_pvdf/pseudo,Li.upf
./LiCoO2_pvdf/pseudo,O.upf
./Li/pseudo,Li.upf
./PVDF_pusdodojo,C.upf
./PVDF_pusdodojo,F.upf
./PVDF_pusdodojo,H.upf
./CoO2_pvdf/pseudo,C.upf
./CoO2_pvdf/pseudo,Co.upf
./CoO2_pvdf/pseudo,F.upf
./CoO2_pvdf/pseudo,H.upf
./CoO2_pvdf/pseudo,O.upf
./Cuslab/Cu_PVDF,C.pbe-n-kjpaw_psl.1.0.0.UPF
./Cuslab/Cu_PVDF,Cu.paw.z_11.ld1.psl.v1.0.0-low.upf
./Cuslab/Cu_PVDF,H.pbe-rrkjus_psl.1.0.0.UPF
./Cuslab/Cu_PVDF,f_pbe_v1.4.uspp.F.UPF
./Cuslab/Cu_relax,Cu.paw.z_11.ld1.psl.v1.0.0-low.upf
./MnO2/pseudo,Mn.upf
./MnO2/pseudo,O.upf
